headline	positive	negative	neutral	url	publisher	ts	symbol
Agilent Technologies Announces Pricing of $5…… Million of Senior Notes	0.11081353574991226	0.012814123183488846	0.8763723373413086	http://www.gurufocus.com/news/1153187/agilent-technologies-announces-pricing-of-500-million-of-senior-notes	GuruFocus	2020-06-01 00:00:00	A
Agilent (A) Gears Up for Q2 Earnings: What's in the Cards?	0.06873071938753128	0.01878718100488186	0.9124821424484253	http://www.zacks.com/stock/news/931205/agilent-a-gears-up-for-q2-earnings-whats-in-the-cards?cid=CS-BENZ-FT-analyst_blog|earnings_preview-931205	Zacks	2020-05-18 00:00:00	A
Pershing Square Capital Management, L.P. Buys Agilent Technologies Inc, The Howard Hughes Corp, ...	0.09321287274360657	0.01166633889079094	0.8951207399368286	http://www.gurufocus.com/news/1138704/pershing-square-capital-management-lp-buys-agilent-technologies-inc-the-howard-hughes-corp-lowes-inc-sells-chipotle-mexican-grill-inc	GuruFocus	2020-05-15 00:00:00	A
J.P. Morgan Asset Management Announces Liquidation of Six Exchange-Traded Funds	0.014791056513786316	0.8488040566444397	0.1364048570394516	http://www.gurufocus.com/news/1138923/jp-morgan-asset-management-announces-liquidation-of-six-exchangetraded-funds	GuruFocus	2020-05-15 00:00:00	A
Agilent Awards Trilogy Sciences with a Golden Ticket at LabCentral	0.6270513534545898	0.011495419777929783	0.3614532947540283	http://www.gurufocus.com/news/1134012/agilent-awards-trilogy-sciences-with-a-golden-ticket-at-labcentral	GuruFocus	2020-05-12 00:00:00	A
Agilent Technologies Inc (A) CEO and President Michael R. Mcmullen Sold $–.4 million of Shares	0.02821197733283043	0.02243412844836712	0.9493539333343506	http://www.gurufocus.com/news/1132985/agilent-technologies-inc-a-ceo-and-president-michael-r-mcmullen-sold-14-million-of-shares	GuruFocus	2020-05-11 00:00:00	A
Cypress Asset Management Inc Buys Verizon Communications Inc, United Parcel Service Inc, ...	0.09577818214893341	0.015466146171092987	0.888755738735199	http://www.gurufocus.com/news/1128926/cypress-asset-management-inc-buys-verizon-communications-inc-united-parcel-service-inc-powershares-qqq-trust-ser-1-sells-the-walt-disney-co-honeywell-international-inc-eaton-corp-plc	GuruFocus	2020-05-07 00:00:00	A
' Stocks Growing Their Earnings Fast	0.8816669583320618	0.06746276468038559	0.050870198756456375	http://www.gurufocus.com/news/1129235/3-stocks-growing-their-earnings-fast	GuruFocus	2020-05-07 00:00:00	A
Teacher Retirement System Of Texas Buys Hologic Inc, Vanguard Total Stock Market, Agilent ...	0.1773384064435959	0.009039844386279583	0.8136217594146729	http://www.gurufocus.com/news/1126799/teacher-retirement-system-of-texas-buys-hologic-inc-vanguard-total-stock-market-agilent-technologies-inc-sells-alphabet-inc-att-inc-ishares-edge-msci-min-vol-emerging-markets	GuruFocus	2020-05-05 00:00:00	A
Hendley & Co Inc Buys American Electric Power Co Inc, Agilent Technologies Inc, Paychex ...	0.07017895579338074	0.016018953174352646	0.9138020873069763	http://www.gurufocus.com/news/1126951/hendley--co-inc-buys-american-electric-power-co-inc-agilent-technologies-inc-paychex-inc-sells-honeywell-international-inc-texas-instruments-inc-dollar-general-corp	GuruFocus	2020-05-05 00:00:00	A
Cookson Peirce & Co Inc Buys Eli Lilly and Co, Vertex Pharmaceuticals Inc, Netflix Inc, ...	0.10503222048282623	0.015249756164848804	0.8797180652618408	http://www.gurufocus.com/news/1125063/cookson-peirce--co-inc-buys-eli-lilly-and-co-vertex-pharmaceuticals-inc-netflix-inc-sells-hilton-worldwide-holdings-inc-transdigm-group-inc-abbott-laboratories	GuruFocus	2020-05-04 00:00:00	A
Agilent Technologies Inc (A) CEO and President Michael R. Mcmullen Sold $–.– million of Shares	0.026083029806613922	0.026122866198420525	0.9477940797805786	http://www.gurufocus.com/news/1121894/agilent-technologies-inc-a-ceo-and-president-michael-r-mcmullen-sold-11-million-of-shares	GuruFocus	2020-04-30 00:00:00	A
Agilent Technologies Inc (A) CEO and President Michael R. Mcmullen Sold $67–,6—7 of Shares	0.02619387023150921	0.023780887946486473	0.9500252604484558	http://www.gurufocus.com/news/1119439/agilent-technologies-inc-a-ceo-and-president-michael-r-mcmullen-sold-671627-of-shares	GuruFocus	2020-04-28 00:00:00	A
S.E.E.D. Planning Group LLC Buys VanEck Vectors Morningstar Wide Moat, PepsiCo Inc, Ecolab Inc, ...	0.05401559919118881	0.012294575572013855	0.9336897730827332	http://www.gurufocus.com/news/1108126/seed-planning-group-llc-buys-vaneck-vectors-morningstar-wide-moat-pepsico-inc-ecolab-inc-sells-schwab-us-largecap-invesco-bulletshares-2020-corporate-bond-etf-international-flavors--fragrances-inc	GuruFocus	2020-04-17 00:00:00	A
Agilent (A) Withdraws Q2 & FY20 View Amid Coronavirus Crisis	0.009599857032299042	0.960699737071991	0.02970043197274208	http://www.zacks.com/stock/news/872005/agilent-a-withdraws-q2-fy20-view-amid-coronavirus-crisis?cid=CS-BENZ-FT-analyst_blog|company_news_tech_sector-872005	Zacks	2020-04-15 00:00:00	A
Top –st-Quarter Buys of Jerome Dodson's Parnassus Fund	0.5730459094047546	0.021082356572151184	0.40587174892425537	http://www.gurufocus.com/news/1104590/top-1stquarter-buys-of-jerome-dodsons-parnassus-fund	GuruFocus	2020-04-14 00:00:00	A
Bill Ackman on Agilent Technologies	0.03572746366262436	0.025920478627085686	0.9383519887924194	http://www.gurufocus.com/news/1104359/bill-ackman-on-agilent-technologies	GuruFocus	2020-04-14 00:00:00	A
Bill Ackman's Pershing Square —…–9 Annual Letter to Shareholders	0.11558765918016434	0.017748363316059113	0.8666639924049377	http://www.gurufocus.com/news/1104358/bill-ackmans-pershing-square-2019-annual-letter-to-shareholders	GuruFocus	2020-04-14 00:00:00	A
Parnassus Endeavor Fund Adds ' Stocks to Portfolio in –st Quarter	0.21524518728256226	0.028591444715857506	0.7561632990837097	http://www.gurufocus.com/news/1103295/parnassus-endeavor-fund-adds-3-stocks-to-portfolio-in-1st-quarter	GuruFocus	2020-04-13 00:00:00	A
Parnassus Endeavor Fund Buys FedEx Corp, VF Corp, Expeditors International of Washington Inc, ...	0.1308012157678604	0.011023803614079952	0.8581749796867371	http://www.gurufocus.com/news/1101813/parnassus-endeavor-fund-buys-fedex-corp-vf-corp-expeditors-international-of-washington-inc-sells-gilead-sciences-inc-lam-research-corp-perrigo-co-plc	GuruFocus	2020-04-10 00:00:00	A
Parnassus Fund Buys KLA Corp, Agilent Technologies Inc, Square Inc, Sells Alliance Data Systems ...	0.12118633836507797	0.01246434636414051	0.8663493990898132	http://www.gurufocus.com/news/1101812/parnassus-fund-buys-kla-corp-agilent-technologies-inc-square-inc-sells-alliance-data-systems-corp-cvs-health-corp-hologic-inc	GuruFocus	2020-04-10 00:00:00	A
Lgt Capital Partners Ltd. Buys Microsoft Corp, Stryker Corp, The Estee Lauder Inc, Sells ...	0.06438389420509338	0.016477061435580254	0.91913902759552	http://www.gurufocus.com/news/1098172/lgt-capital-partners-ltd-buys-microsoft-corp-stryker-corp-the-estee-lauder-inc-sells-newmont-corp-tupperware-brands-corp-the-carlyle-group-inc	GuruFocus	2020-04-07 00:00:00	A
Timing the Market, Is it Possible? - April 07, 2020	0.050066929310560226	0.016869261860847473	0.9330638647079468	http://www.zacks.com/stock/news/858761/timing-the-market-is-it-possible-april-07-2020?cid=CS-BENZ-FT-retirement_ideas|market_timing_secrets-858761	Zacks	2020-04-07 00:00:00	A
Agilent Technologies to Change Location of Annual Meeting	0.02284126728773117	0.17985686659812927	0.7973018884658813	http://www.gurufocus.com/news/1090024/agilent-technologies-to-change-location-of-annual-meeting-	GuruFocus	2020-03-30 00:00:00	A
Bill Ackman's Pershing Square Releases Letter to Investors	0.04845656082034111	0.020707683637738228	0.9308357238769531	http://www.gurufocus.com/news/1086307/bill-ackmans-pershing-square-releases-letter-to-investors	GuruFocus	2020-03-26 00:00:00	A
Agilent Technologies (A) Gains As Market Dips: What You Should Know	0.14575886726379395	0.05055581033229828	0.8036853671073914	http://www.zacks.com/stock/news/826049/agilent-technologies-a-gains-as-market-dips-what-you-should-know?cid=CS-BENZ-FT-tale_of_the_tape|yseop_template_6v1-826049	Zacks	2020-03-20 00:00:00	A
Why Is Agilent (A) Down 19.3% Since Last Earnings Report?	0.009210709482431412	0.9665674567222595	0.02422172762453556	http://www.zacks.com/stock/news/823272/why-is-agilent-a-down-193-since-last-earnings-report?cid=CS-BENZ-FT-realtime_blog-823272	Zacks	2020-03-19 00:00:00	A
Stocks Flashing Renewed Technical Strength: Agilent Technologies	0.9432750344276428	0.013309287838637829	0.043415702879428864	http://www.investors.com/ibd-data-stories/stocks-flashing-renewed-technical-strength-agilent-technologies/?src=A00237A&ven=BenzingaCP&src=AURLAAM	Investor's Business Daily	2020-03-19 00:00:00	A
Agilent Technologies Announces Cash Dividend of –8 Cents Per Share	0.11750828474760056	0.04042600467801094	0.842065691947937	http://www.gurufocus.com/news/1078836/agilent-technologies-announces-cash-dividend-of-18-cents-per-share	GuruFocus	2020-03-18 00:00:00	A
Agilent Technologies to Adjourn Annual Meeting Until April –7, —…—…	0.019732465967535973	0.13987679779529572	0.8403907418251038	http://www.gurufocus.com/news/1077054/agilent-technologies-to-adjourn-annual-meeting-until-april-17-2020	GuruFocus	2020-03-17 00:00:00	A
Agilent Introduces CrossLab Connect Services for Lab-wide Asset Monitoring	0.18223339319229126	0.007301752455532551	0.8104648590087891	http://www.gurufocus.com/news/1074589/agilent-introduces-crosslab-connect-services-for-labwide-asset-monitoring-	GuruFocus	2020-03-16 00:00:00	A
6 Guru Stocks Trading With Low Price-Sales Ratios	0.22513315081596375	0.10724067687988281	0.667626142501831	http://www.gurufocus.com/news/1064215/6-guru-stocks-trading-with-low-pricesales-ratios	GuruFocus	2020-03-03 00:00:00	A
Stock Upgrades: Agilent Technologies Shows Rising Relative Strength	0.9544261693954468	0.021206025034189224	0.024367859587073326	http://www.investors.com/ibd-data-stories/stock-upgrades-agilent-technologies-shows-rising-relative-strength-5/?src=A00237A&ven=BenzingaCP&src=AURLAAM	Investor's Business Daily	2020-02-28 00:00:00	A
Fitbit (FIT) Q4 Loss Wider Than Estimated, Revenues Lag	0.025331804528832436	0.9642150402069092	0.010453167371451855	http://www.zacks.com/stock/news/777147/fitbit-fit-q4-loss-wider-than-estimated-revenues-lag?cid=CS-BENZ-FT-analyst_blog|earnings_article-777147	Zacks	2020-02-21 00:00:00	A
How to Time the Markets Like an Investing Pro - February 20, 2020	0.045737672597169876	0.020762130618095398	0.9335001707077026	http://www.zacks.com/stock/news/775137/how-to-time-the-markets-like-an-investing-pro-february-20-2020?cid=CS-BENZ-FT-retirement_ideas|market_timing_secrets-775137	Zacks	2020-02-20 00:00:00	A
Stock Chart Breakdown Alert: Agilent Tech (A)	0.03507194668054581	0.02903994917869568	0.9358880519866943	https://talkmarkets.com/content/stock-chart-breakdown-alert-agilent-tech-a?post=251694	TalkMarkets	2020-02-19 00:00:00	A
Agilent (A) Q1 Earnings In Line With Estimates, Revenues Top	0.774368166923523	0.02375197596848011	0.20187993347644806	http://www.zacks.com/stock/news/772907/agilent-a-q1-earnings-in-line-with-estimates-revenues-top?cid=CS-BENZ-FT-analyst_blog|earnings_article-772907	Zacks	2020-02-19 00:00:00	A
GoDaddy (GDDY) Q4 Earnings Miss Estimates, Revenues Beat	0.061537791043519974	0.8559497594833374	0.08251243084669113	http://www.zacks.com/stock/news/771320/godaddy-gddy-q4-earnings-miss-estimates-revenues-beat?cid=CS-BENZ-FT-analyst_blog|earnings_article-771320	Zacks	2020-02-18 00:00:00	A
Bill Ackman's Pershing Square: 4th-Quarter Update	0.04280102625489235	0.030481940135359764	0.9267169833183289	http://www.gurufocus.com/news/1042860/bill-ackmans-pershing-square-4thquarter-update	GuruFocus	2020-02-18 00:00:00	A
Wunderlich Capital Managemnt Buys ServiceNow Inc, Truist Financial Corp, Agilent Technologies ...	0.1067429855465889	0.011751129291951656	0.8815058469772339	http://www.gurufocus.com/news/1041634/wunderlich-capital-managemnt-buys-servicenow-inc-truist-financial-corp-agilent-technologies-inc-sells-suntrust-banks-inc-diamondback-energy-inc	GuruFocus	2020-02-17 00:00:00	A
Napier Park Global Capital LLC Buys Invesco Senior Loan, Agilent Technologies Inc, Lowe's Inc, ...	0.08491970598697662	0.013624222949147224	0.9014561176300049	http://www.gurufocus.com/news/1038789/napier-park-global-capital-llc-buys-invesco-senior-loan-agilent-technologies-inc-lowes-inc-sells-ishares-iboxx--investment-grade-corporate-bond-nrg-energy-inc-ceridian-hcm-holding-inc	GuruFocus	2020-02-14 00:00:00	A
Stock Upgrades: Agilent Technologies Shows Rising Relative Strength	0.9544261693954468	0.021206025034189224	0.024367859587073326	http://www.investors.com/ibd-data-stories/stock-upgrades-agilent-technologies-shows-rising-relative-strength-4/?src=A00237A&ven=BenzingaCP&src=AURLAAM	Investor's Business Daily	2020-02-13 00:00:00	A
Applied Materials (AMAT) Q1 Earnings & Sales Top Estimates	0.05908746272325516	0.10463444143533707	0.8362780213356018	http://www.zacks.com/stock/news/763708/applied-materials-amat-q1-earnings-sales-top-estimates?cid=CS-BENZ-FT-analyst_blog|earnings_article-763708	Zacks	2020-02-13 00:00:00	A
Stonehage Fleming Financial Services Holdings Ltd Buys Autoliv Inc, Walmart Inc, Uber ...	0.0866301953792572	0.015706835314631462	0.8976629376411438	http://www.gurufocus.com/news/1037232/stonehage-fleming-financial-services-holdings-ltd-buys-autoliv-inc-walmart-inc-uber-technologies-inc-sells-ishares-msci-emerging-markets-etf-edwards-lifesciences-corp-altria-group-inc	GuruFocus	2020-02-13 00:00:00	A
Agilent (A) Gears Up for Q1 Earnings: What's in the Cards?	0.06863555312156677	0.018763374537229538	0.9126010537147522	http://www.zacks.com/stock/news/761933/agilent-a-gears-up-for-q1-earnings-whats-in-the-cards?cid=CS-BENZ-FT-analyst_blog|earnings_preview-761933	Zacks	2020-02-12 00:00:00	A
Clearfield Capital Management Lp Buys Insperity Inc, Square Inc, Agilent Technologies Inc, ...	0.06655482947826385	0.014422979205846786	0.919022262096405	http://www.gurufocus.com/news/1036898/clearfield-capital-management-lp-buys-insperity-inc-square-inc-agilent-technologies-inc-sells-l3harris-technologies-inc-equifax-inc-liberty-formula-one-group	GuruFocus	2020-02-12 00:00:00	A
Can Strong Cloud Growth Propel Alibaba's (BABA) Q3 Earnings?	0.9085784554481506	0.010204034857451916	0.08121746778488159	http://www.zacks.com/stock/news/759889/can-strong-cloud-growth-propel-alibabas-baba-q3-earnings?cid=CS-BENZ-FT-analyst_blog|earnings_preview-759889	Zacks	2020-02-11 00:00:00	A
Troy Asset Management Ltd Buys Agilent Technologies Inc, Mastercard Inc, Cisco Systems Inc, ...	0.06793561577796936	0.014925532974302769	0.9171388745307922	http://www.gurufocus.com/news/1035886/troy-asset-management-ltd-buys-agilent-technologies-inc-mastercard-inc-cisco-systems-inc-sells-ebay-inc	GuruFocus	2020-02-11 00:00:00	A
Fortive (FTV) Earnings & Revenues Surpass Estimates in Q4	0.9117739200592041	0.04466141387820244	0.04356475546956062	http://www.zacks.com/stock/news/754382/fortive-ftv-earnings-revenues-surpass-estimates-in-q4?cid=CS-BENZ-FT-analyst_blog|earnings_article-754382	Zacks	2020-02-07 00:00:00	A
Eaton Vance Exits Celgene, Trims Amgen Position	0.029389621689915657	0.031468093395233154	0.9391423463821411	http://www.gurufocus.com/news/1028223/eaton-vance-exits-celgene-trims-amgen-position	GuruFocus	2020-02-04 00:00:00	A
Mechanics Bank Trust Department Buys SPDR Wells Fargo Preferred Stock ETF, Huntington ...	0.10606884956359863	0.012518225237727165	0.881412923336029	http://www.gurufocus.com/news/1021009/mechanics-bank-trust-department-buys-spdr-wells-fargo-preferred-stock-etf-huntington-bancshares-inc-hanesbrands-inc-sells-nestle-sa-the-kroger-co-ch-robinson-worldwide-inc	GuruFocus	2020-01-23 00:00:00	A
Krueger & Catalano Capital Partners, LLC Buys Bristol-Myers Squibb Company, Agilent ...	0.13875095546245575	0.011638804338872433	0.8496102094650269	http://www.gurufocus.com/news/1019362/krueger--catalano-capital-partners-llc-buys-bristolmyers-squibb-company-agilent-technologies-inc-msci-inc-sells-cullenfrost-bankers-inc-boeing-co-twilio-inc	GuruFocus	2020-01-21 00:00:00	A
Parnassus Endeavor Fund Invests in Insurance and Logistics in 4th Quarter	0.10712895542383194	0.008998002856969833	0.8838729858398438	http://www.gurufocus.com/news/1015722/parnassus-endeavor-fund-invests-in-insurance-and-logistics-in-4th-quarter	GuruFocus	2020-01-15 00:00:00	A
Parnassus Endeavor Fund Adds to Cisco, Alphabet	0.07136968523263931	0.010425806045532227	0.9182044863700867	http://www.gurufocus.com/news/1015901/parnassus-endeavor-fund-adds-to-cisco-alphabet	GuruFocus	2020-01-15 00:00:00	A
Timing the Market, Is it Possible? - January 10, 2020	0.04928137734532356	0.01860230788588524	0.9321163296699524	http://www.zacks.com/stock/news/711428/timing-the-market-is-it-possible-january-10-2020?cid=CS-BENZ-FT-retirement_ideas|market_timing_secrets-711428	Zacks	2020-01-10 00:00:00	A
Why Is Agilent (A) Up 5.4% Since Last Earnings Report?	0.7115887999534607	0.05466708168387413	0.23374412953853607	http://www.zacks.com/stock/news/687371/why-is-agilent-a-up-54-since-last-earnings-report?cid=CS-BENZ-FT-realtime_blog-687371	Zacks	2019-12-25 00:00:00	A
The Market Timing Secrets No One Talks About - December 17, 2019	0.023628782480955124	0.028726117685437202	0.9476451277732849	http://www.zacks.com/stock/news/675479/the-market-timing-secrets-no-one-talks-about-december-17-2019?cid=CS-BENZ-FT-retirement_ideas|market_timing_secrets-675479	Zacks	2019-12-17 00:00:00	A
Live Nation Entertainment, Zebra Technologies, STERIS Set to Join S&P 5……; Others to ...	0.07754697650671005	0.009302716702222824	0.9131503105163574	https://www.benzinga.com/node/14992163	GuruFocus	2019-12-13 00:00:00	A
Agilent Technologies Inc (A) CEO and President Michael R. Mcmullen Sold $4 million of Shares	0.03401649370789528	0.019255420193076134	0.9467280507087708	https://www.benzinga.com/node/14992143	GuruFocus	2019-12-13 00:00:00	A
Nomura Holdings Inc Buys Aramark, AT&T Inc, Emerson Electric Co, Sells Amazon. ...	0.07733629643917084	0.013086817227303982	0.9095768332481384	https://www.benzinga.com/node/14984762	GuruFocus	2019-12-12 00:00:00	A
Wall Street Breakfast: Trade Deadline And Fed Meeting	0.025638198480010033	0.06082190200686455	0.9135398268699646	https://seekingalpha.com/article/4311579-wall-street-breakfast-trade-deadline-and-fed-meeting?utm_source=partner_&utm_medium=referralbenzinga	Seeking Alpha	2019-12-10 00:00:00	A
Bill Ackman's Pershing Square Packs Into Agilent	0.15022291243076324	0.014704174362123013	0.835072934627533	https://www.benzinga.com/node/14964953	GuruFocus	2019-12-10 00:00:00	A
Pershing Square Capital Management, L.P. Buys Agilent Technologies Inc, Sells Automatic Data ...	0.09337462484836578	0.008707764558494091	0.897917628288269	https://www.benzinga.com/node/14958377	GuruFocus	2019-12-09 00:00:00	A
Agilent up 4% after hours on Pershing stake	0.9339717030525208	0.02254188433289528	0.04348647966980934	https://seekingalpha.com/news/3524933-agilent-up-4-after-hours-on-pershing-stake?source=partner_benzinga	Seeking Alpha	2019-12-09 00:00:00	A
Best Large-Cap Stocks To Buy Now	0.09492482990026474	0.013565892353653908	0.8915092349052429	https://seekingalpha.com/article/4310979-best-large-cap-stocks-to-buy-now?source=partner_benzinga	Seeking Alpha	2019-12-06 00:00:00	A
Agilent Technologies, Inc. (A) Management Presents at Evercore ISI HealthCONx Conference (Transcript)	0.050038713961839676	0.023183166980743408	0.9267781376838684	https://seekingalpha.com/article/4310780-agilent-technologies-inc-management-presents-evercore-isi-healthconx-conference-transcript?source=partner_benzinga	Seeking Alpha	2019-12-05 00:00:00	A
Agilent Technologies Inc (A) Presents at The 31st Annual Piper Jaffray Healthcare Conference (Transcript)	0.04834911972284317	0.02161087468266487	0.9300399422645569	https://seekingalpha.com/article/4310477-agilent-technologies-inc-presents-31st-annual-piper-jaffray-healthcare-conference-transcript?source=partner_benzinga	Seeking Alpha	2019-12-04 00:00:00	A
Agilent (A) Earnings and Revenues Surpass Estimates in Q4	0.9400908946990967	0.025081146508455276	0.03482787683606148	http://www.zacks.com/stock/news/638168/agilent-a-earnings-and-revenues-surpass-estimates-in-q4?cid=CS-BENZ-FT-analyst_blog|earnings_article-638168	Zacks	2019-11-26 00:00:00	A
Agilent Technologies, Inc. (A) CEO Mike McMullen on Q4 2019 Results - Earnings Call Transcript	0.02736431546509266	0.06129411980509758	0.9113415479660034	https://seekingalpha.com/article/4309111-agilent-technologies-inc-ceo-mike-mcmullen-q4-2019-results-earnings-call-transcript?source=partner_benzinga	Seeking Alpha	2019-11-25 00:00:00	A
Dow Jones Futures: Stock Market Fear Gauge Hits New Low; Palo Alto Networks, Nutanix, Ambarella, Hewlett Packard Enterprise, ChemoCentryx Are Big Movers Late	0.2839653789997101	0.46004360914230347	0.25599101185798645	http://www.investors.com/market-trend/stock-market-today/dow-jones-futures-stock-market-rally-fear-gauge-hits-new-low-palo-alto-networks-nutanix-ambarella/?src=A00237A&ven=BenzingaCP&src=AURLAAM	Investor's Business Daily	2019-11-25 00:00:00	A
Agilent EPS beats by $0.03, misses on revenue	0.6374176740646362	0.136130228638649	0.22645200788974762	https://seekingalpha.com/news/3521902-agilent-eps-beats-0_03-misses-revenue?source=partner_benzinga	Seeking Alpha	2019-11-25 00:00:00	A
Agilent Technologies, Inc. 2019 Q4 - Results - Earnings Call Presentation	0.02926751784980297	0.056182876229286194	0.9145496487617493	https://seekingalpha.com/article/4309065-agilent-technologies-inc-2019-q4-results-earnings-call-presentation?source=partner_benzinga	Seeking Alpha	2019-11-25 00:00:00	A
Agilent Technologies (A) Surpasses Q4 Earnings and Revenue Estimates	0.9576000571250916	0.018469074741005898	0.02393084578216076	http://www.zacks.com/stock/news/637442/agilent-technologies-a-surpasses-q4-earnings-and-revenue-estimates?cid=CS-BENZ-FT-tale_of_the_tape|yseop_template_4-637442	Zacks	2019-11-25 00:00:00	A
Notable earnings after Monday's close	0.8940557837486267	0.07122879475355148	0.03471550717949867	https://seekingalpha.com/news/3521666-notable-earnings-monday-s-close?source=partner_benzinga	Seeking Alpha	2019-11-24 00:00:00	A
Spotlight On Alibaba, Best Buy And DuPont (Stocks To Watch Podcast)	0.046640124171972275	0.024690065532922745	0.9286697506904602	https://seekingalpha.com/article/4308812-spotlight-alibaba-best-buy-dupont-stocks-watch-podcast?source=partner_benzinga	Seeking Alpha	2019-11-24 00:00:00	A
Dividend Increases: November 18-22, 2019	0.04291375353932381	0.04189162328839302	0.9151946306228638	https://seekingalpha.com/article/4308845-dividend-increases-november-18minus-22-2019?source=partner_benzinga	Seeking Alpha	2019-11-24 00:00:00	A
Agilent Q4 2019 Earnings Preview	0.35011884570121765	0.053401436656713486	0.5964797139167786	https://seekingalpha.com/news/3521679-agilent-q4-2019-earnings-preview?source=partner_benzinga	Seeking Alpha	2019-11-24 00:00:00	A
Dividend Challenger Highlights: Week Of November 24	0.030072398483753204	0.04634302482008934	0.923584520816803	https://seekingalpha.com/article/4308801-dividend-challenger-highlights-week-november-24?source=partner_benzinga	Seeking Alpha	2019-11-23 00:00:00	A
Stocks To Watch: Spotlight On Alibaba, Best Buy And DuPont	0.07127638161182404	0.015654996037483215	0.9130686521530151	https://seekingalpha.com/article/4308790-stocks-watch-spotlight-alibaba-best-buy-dupont?source=partner_benzinga	Seeking Alpha	2019-11-23 00:00:00	A
Earnings Watch: PANW Stock Rallies Ahead Of Results; Retail Leader Forms Bullish Base	0.8869577050209045	0.08016297221183777	0.032879337668418884	http://www.investors.com/research/earnings-preview/panw-stock-rallies-sharply-ahead-of-earnings/?src=A00237A&ven=BenzingaCP&src=AURLAAM	Investor's Business Daily	2019-11-22 00:00:00	A
Agilent on watch after positive EU drug development	0.7591424584388733	0.04958482086658478	0.19127263128757477	https://seekingalpha.com/news/3521521-agilent-watch-positive-eu-drug-development?source=partner_benzinga	Seeking Alpha	2019-11-22 00:00:00	A
Agilent Is Up Almost 20% Since Its Last Earnings Report: Assessing If The Momentum Continues	0.9491509795188904	0.01572532206773758	0.03512362018227577	https://seekingalpha.com/article/4308328-agilent-almost-20-percent-since-last-earnings-report-assessing-momentum-continues?source=partner_benzinga	Seeking Alpha	2019-11-21 00:00:00	A
Yes, You Can Time the Market. Find out How - November 21, 2019	0.03438833728432655	0.02493192069232464	0.9406797885894775	http://www.zacks.com/stock/news/630849/yes-you-can-time-the-market-find-out-how-november-21-2019?cid=CS-BENZ-FT-retirement_ideas|market_timing_secrets-630849	Zacks	2019-11-21 00:00:00	A
The Top Large-Cap Sectors, Industries, And Stocks To Buy Now	0.06954574584960938	0.014777949079871178	0.9156763553619385	https://seekingalpha.com/article/4308176-top-large-cap-sectors-industries-stocks-buy-now?source=partner_benzinga	Seeking Alpha	2019-11-21 00:00:00	A
Agilent declares $0.18 dividend	0.03464844450354576	0.05904180556535721	0.9063097238540649	https://seekingalpha.com/news/3520971-agilent-declares-0_18-dividend?source=partner_benzinga	Seeking Alpha	2019-11-20 00:00:00	A
Agilent Technologies (A) Earnings Expected to Grow: Should You Buy?	0.2209269106388092	0.01327436976134777	0.7657986879348755	http://www.zacks.com/stock/news/625743/agilent-technologies-a-earnings-expected-to-grow-should-you-buy?cid=CS-BENZ-FT-tale_of_the_tape|yseop_template_9-625743	Zacks	2019-11-18 00:00:00	A
Retailers, Dubai Airshow And Cybertrucks (Stocks To Watch Podcast)	0.03746034577488899	0.031261149793863297	0.9312784671783447	https://seekingalpha.com/article/4307271-retailers-dubai-airshow-cybertrucks-stocks-watch-podcast?source=partner_benzinga	Seeking Alpha	2019-11-17 00:00:00	A
Stocks To Watch: Retailers, Dubai Airshow And Cybertrucks	0.03747212514281273	0.0293749887496233	0.9331529140472412	https://seekingalpha.com/article/4307244-stocks-watch-retailers-dubai-airshow-cybertrucks?source=partner_benzinga	Seeking Alpha	2019-11-16 00:00:00	A
PerkinElmer: An Excellent Opportunity	0.9368208050727844	0.01512877270579338	0.048050422221422195	https://seekingalpha.com/article/4307103-perkinelmer-excellent-opportunity?source=partner_benzinga	Seeking Alpha	2019-11-15 00:00:00	A
Market-Beating Sector ETFs Year to Date	0.6373177170753479	0.02068629115819931	0.3419959545135498	http://www.zacks.com/stock/news/621178/market-beating-sector-etfs-year-to-date?cid=CS-BENZ-FT-etf_news_and_commentary-621178	Zacks	2019-11-15 00:00:00	A
Stifel likes Illumina in premarket analyst action	0.10500650852918625	0.015381007455289364	0.8796125650405884	https://seekingalpha.com/news/3519763-stifel-likes-illumina-premarket-analyst-action?source=partner_benzinga	Seeking Alpha	2019-11-15 00:00:00	A
Tiemann Investment Advisors, Llc Buys SPDR Barclays Convertible Securities ETF, D.R. ...	0.09066656976938248	0.011913892813026905	0.8974195718765259	https://www.benzinga.com/node/14819342	GuruFocus	2019-11-15 00:00:00	A
Fairpointe Capital LLC Buys Adtalem Global Education Inc, Corning Inc, Agilent Technologies ...	0.07606195658445358	0.01437112595885992	0.9095668792724609	https://www.benzinga.com/node/14823635	GuruFocus	2019-11-15 00:00:00	A
Stocks Showing Rising Market Leadership: Agilent Technologies Earns 82 RS Rating	0.9507005214691162	0.01644030585885048	0.03285913169384003	http://www.investors.com/ibd-data-stories/stocks-showing-rising-market-leadership-agilent-technologies-earns-82-rs-rating/?src=A00237A&ven=BenzingaCP&src=AURLAAM	Investor's Business Daily	2019-11-14 00:00:00	A
Epoch Investment Partners, Inc. Buys KKR Inc, Coca-Cola Co, Huntington Ingalls Industries Inc, ...	0.07237190753221512	0.01902477629482746	0.9086032509803772	https://www.benzinga.com/node/14804572	GuruFocus	2019-11-13 00:00:00	A
Agilent Technologies Sees RS Rating Improve To 76	0.9560263156890869	0.017508622258901596	0.026465026661753654	http://www.investors.com/ibd-data-stories/agilent-technologies-sees-rs-rating-improve-to-76/?src=A00237A&ven=BenzingaCP&src=AURLAAM	Investor's Business Daily	2019-11-12 00:00:00	A
Royal London Asset Management Ltd Buys Apple Inc, Amazon. ...	0.10696430504322052	0.015613498166203499	0.8774222135543823	https://www.benzinga.com/node/14785636	GuruFocus	2019-11-12 00:00:00	A
Tracking William Von Mueffling's Cantillon Capital Management Portfolio - Q3 2019 Update	0.035787805914878845	0.01786617375910282	0.9463460445404053	https://seekingalpha.com/article/4303617-tracking-william-von-muefflings-cantillon-capital-management-portfolio-q3-2019-update?source=partner_benzinga	Seeking Alpha	2019-11-07 00:00:00	A
TD Asset Management Inc Buys TC Energy Corp, iShares iBoxx $ High Yield Corporate Bond ETF, ...	0.30435723066329956	0.013795152306556702	0.6818475723266602	https://www.benzinga.com/node/14761049	GuruFocus	2019-11-07 00:00:00	A
TDAM USA Inc. Buys Phillips 66, DuPont de Nemours Inc, Agilent Technologies Inc, Sells Apple ...	0.09640390425920486	0.01596488617360592	0.8876311779022217	https://www.benzinga.com/node/14761053	GuruFocus	2019-11-07 00:00:00	A
When Does Market Timing Actually Work? - November 01, 2019	0.024290939792990685	0.042180150747299194	0.9335289597511292	http://www.zacks.com/stock/news/598002/when-does-market-timing-actually-work-november-01-2019?cid=CS-BENZ-FT-retirement_ideas|market_timing_secrets-598002	Zacks	2019-11-01 00:00:00	A
Electronics Testing Equipment Outlook: Solid Demand Ahead	0.9541733264923096	0.018178528174757957	0.02764817699790001	http://www.zacks.com/commentary/582329/electronics-testing-equipment-outlook-solid-demand-ahead?cid=CS-BENZ-FT-industry_outlook-582329	Zacks	2019-10-24 00:00:00	A
Clean Yield Group Buys Healthcare Trust of America Inc, Lakeland Financial Corp, U.S. ...	0.08738944679498672	0.009790850803256035	0.9028196930885315	https://www.benzinga.com/node/14650305	GuruFocus	2019-10-23 00:00:00	A
KraneShares Joins with Nasdaq Dorsey Wright to Launch KraneShares China Rotation Model	0.19632196426391602	0.007411557715386152	0.7962664365768433	https://www.benzinga.com/node/14643902	GuruFocus	2019-10-23 00:00:00	A
5G Wireless Networks Give This Communications Test Gear Maker A Lift	0.7943540811538696	0.007809483911842108	0.19783642888069153	http://www.investors.com/research/ibd-stock-of-the-day/5g-wireless-networks-give-keystock-stock-lift/?src=A00237A&ven=BenzingaCP&src=AURLAAM	Investor's Business Daily	2019-10-22 00:00:00	A
Private Bank & Trust Co Buys Agilent Technologies Inc, Alibaba Group Holding, Icon PLC, ...	0.0983080267906189	0.012230727821588516	0.8894612789154053	https://www.benzinga.com/node/14638879	GuruFocus	2019-10-22 00:00:00	A
Oakmark Equity And Income Fund: Third Quarter 2019	0.02899075672030449	0.023775599896907806	0.9472336173057556	https://seekingalpha.com/article/4297571-oakmark-equity-income-fund-third-quarter-2019?source=partner_benzinga	Seeking Alpha	2019-10-21 00:00:00	A
Dividend Challenger Highlights: Week Of October 20	0.028870174661278725	0.05330956354737282	0.9178202152252197	https://seekingalpha.com/article/4297460-dividend-challenger-highlights-week-october-20?source=partner_benzinga	Seeking Alpha	2019-10-19 00:00:00	A
Parnassus Endeavor Fund Buys 4 Stocks in 'rd Quarter	0.6301779747009277	0.0173494815826416	0.35247260332107544	https://www.benzinga.com/node/14613262	GuruFocus	2019-10-17 00:00:00	A
Parnassus Endeavor Fund Buys Alaska Air Group Inc, Arista Networks Inc, Charles Schwab Corp, ...	0.11877700686454773	0.01189455483108759	0.8693284392356873	https://www.benzinga.com/node/14605708	GuruFocus	2019-10-16 00:00:00	A
Dividend Growth Stocks Of Tomorrow: Agilent Technologies Inc.	0.11515744775533676	0.014236655086278915	0.8706058859825134	https://seekingalpha.com/article/4296471-dividend-growth-stocks-tomorrow-agilent-technologies-inc?source=partner_benzinga	Seeking Alpha	2019-10-14 00:00:00	A
Stocks With Rising Relative Strength: Agilent Technologies	0.849464476108551	0.015018646605312824	0.13551682233810425	http://www.investors.com/ibd-data-stories/stocks-with-rising-relative-strength-agilent-technologies-2/?src=A00237A&ven=BenzingaCP&src=AURLAAM	Investor's Business Daily	2019-10-14 00:00:00	A
Cypress Looks to Gain Traction With New USB-C Controller	0.9349851012229919	0.01040077768266201	0.054614122956991196	http://www.zacks.com/stock/news/559529/cypress-looks-to-gain-traction-with-new-usb-c-controller?cid=CS-BENZ-FT-analyst_blog|company_news_tech_sector-559529	Zacks	2019-10-11 00:00:00	A
Trimble Strengthens Agriculture Portfolio with Weedseeker 2	0.7884698510169983	0.008360695093870163	0.20316945016384125	http://www.zacks.com/stock/news/557913/trimble-strengthens-agriculture-portfolio-with-weedseeker-2?cid=CS-BENZ-FT-analyst_blog|company_news_tech_sector-557913	Zacks	2019-10-10 00:00:00	A
How to Time the Markets Like an Investing Pro - October 10, 2019	0.042304035276174545	0.022329069674015045	0.9353669285774231	http://www.zacks.com/stock/news/557545/how-to-time-the-markets-like-an-investing-pro-october-10-2019?cid=CS-BENZ-FT-retirement_ideas|market_timing_secrets-557545	Zacks	2019-10-10 00:00:00	A
Lgt Capital Partners Ltd. Buys UnitedHealth Group Inc, Alphabet Inc, Agilent Technologies Inc, ...	0.07823207974433899	0.015329251065850258	0.9064387083053589	https://www.benzinga.com/node/14553529	GuruFocus	2019-10-07 00:00:00	A
Bruker To Buy Freiberg Instruments' Magnettech EPR Business	0.08841217309236526	0.00924747996032238	0.9023403525352478	http://www.zacks.com/stock/news/552804/bruker-to-buy-freiberg-instruments-magnettech-epr-business?cid=CS-BENZ-FT-analyst_blog|company_news_-_medical_sector-552804	Zacks	2019-10-07 00:00:00	A
50 Firms Going Ex-Dividend Next Week, Including Cardinal Health, JP Morgan Chase And Comcast	0.05565638840198517	0.027131186798214912	0.9172123670578003	https://www.benzinga.com/node/14507384	TalkMarkets	2019-09-27 00:00:00	A
Dividend Challenger Highlights: Week Of September 22	0.03001505136489868	0.053195226937532425	0.9167897701263428	https://seekingalpha.com/article/4292825-dividend-challenger-highlights-week-september-22?source=partner_benzinga	Seeking Alpha	2019-09-21 00:00:00	A
4 Stocks to Focus on Global Biotechnology Reagents Market	0.07515976577997208	0.014369595795869827	0.9104706645011902	http://www.zacks.com/stock/news/527817/4-stocks-to-focus-on-global-biotechnology-reagents-market?cid=CS-BENZ-FT-analyst_blog|investment_ideas-527817	Zacks	2019-09-20 00:00:00	A
Stocks With Rising Relative Strength: Agilent Technologies	0.849464476108551	0.015018646605312824	0.13551682233810425	http://www.investors.com/ibd-data-stories/stocks-with-rising-relative-strength-agilent-technologies/?src=A00237A&ven=BenzingaCP&src=AURLAAM	Investor's Business Daily	2019-09-19 00:00:00	A
Agilent declares $0.164 dividend	0.028638597577810287	0.05483190342783928	0.9165295362472534	https://seekingalpha.com/news/3500279-agilent-declares-0_164-dividend?source=partner_benzinga	Seeking Alpha	2019-09-18 00:00:00	A
Simple Market Timing Strategies That Work - September 17, 2019	0.03015179932117462	0.027072256430983543	0.9427759051322937	http://www.zacks.com/stock/news/522540/simple-market-timing-strategies-that-work-september-17-2019?cid=CS-BENZ-FT-retirement_ideas|market_timing_secrets-522540	Zacks	2019-09-17 00:00:00	A
What Makes Agilent (A) a New Buy Stock	0.04497527331113815	0.01690095290541649	0.9381237626075745	http://www.zacks.com/stock/news/520894/what-makes-agilent-a-a-new-buy-stock?cid=CS-BENZ-FT-tale_of_the_tape|yseop_template_12_zacks_rank_upgrade-520894	Zacks	2019-09-16 00:00:00	A
Agilent (A) Up 11.5% Since Last Earnings Report: Can It Continue?	0.9553663730621338	0.016585106030106544	0.02804846502840519	http://www.zacks.com/stock/news/516816/agilent-a-up-115-since-last-earnings-report-can-it-continue?cid=CS-BENZ-FT-realtime_blog-516816	Zacks	2019-09-13 00:00:00	A
Agilent Technologies Sees RS Rating Climb To 74	0.9478566646575928	0.022068019956350327	0.030075322836637497	http://www.investors.com/ibd-data-stories/agilent-technologies-sees-rs-rating-climb-to-74/?src=A00237A&ven=BenzingaCP&src=AURLAAM	Investor's Business Daily	2019-09-12 00:00:00	A
Stocks For You To Swing-Trade: TTWO, A, ROP	0.051696695387363434	0.01530036423355341	0.9330029487609863	https://www.benzinga.com/node/14421381	TalkMarkets	2019-09-12 00:00:00	A
Agilent Technologies (A) is a Great Momentum Stock: Should You Buy?	0.0807715430855751	0.012110919691622257	0.907117486000061	http://www.zacks.com/stock/news/511136/agilent-technologies-a-is-a-great-momentum-stock-should-you-buy?cid=CS-BENZ-FT-tale_of_the_tape|yseop_template_10-511136	Zacks	2019-09-10 00:00:00	A
Agilent Technologies: Buy For Great Growth In The Pharmaceutical Development Business	0.8231858015060425	0.0066004469990730286	0.17021380364894867	https://seekingalpha.com/article/4290704-agilent-technologies-buy-great-growth-pharmaceutical-development-business?source=partner_benzinga	Seeking Alpha	2019-09-10 00:00:00	A
Trimble Strengthens Forestry Division With 3LOG Acquisition	0.4761342704296112	0.010667498223483562	0.5131983160972595	http://www.zacks.com/stock/news/511240/trimble-strengthens-forestry-division-with-3log-acquisition?cid=CS-BENZ-FT-analyst_blog|company_news_tech_sector-511240	Zacks	2019-09-10 00:00:00	A
Agilent Prices Public Offering of $500M Senior Notes Due 2029	0.09006952494382858	0.011660824529826641	0.8982696533203125	http://www.zacks.com/stock/news/511114/agilent-prices-public-offering-of-%24500m-senior-notes-due-2029?cid=CS-BENZ-FT-analyst_blog|company_news_tech_sector-511114	Zacks	2019-09-10 00:00:00	A
Agilent launches debt offering	0.06227494031190872	0.019508037716150284	0.9182169437408447	https://seekingalpha.com/news/3497325-agilent-launches-debt-offering?source=partner_benzinga	Seeking Alpha	2019-09-05 00:00:00	A
Agilent readies debt offering	0.04159042611718178	0.01741095446050167	0.9409986734390259	https://seekingalpha.com/news/3496366-agilent-readies-debt-offering?source=partner_benzinga	Seeking Alpha	2019-09-03 00:00:00	A
Agilent completes BioTek buy	0.08404755592346191	0.011512862518429756	0.9044395685195923	https://seekingalpha.com/news/3494548-agilent-completes-biotek-buy?source=partner_benzinga	Seeking Alpha	2019-08-26 00:00:00	A
IBD Stock Of The Day Keysight Technologies Hits Buy Zone As Wall Street Cheers 5G-Driven Growth	0.8727473020553589	0.016583824530243874	0.11066891252994537	http://www.investors.com/research/ibd-stock-of-the-day/keystock-stock-surges-keysight-earnings-q3-2019/?src=A00237A&ven=BenzingaCP&src=AURLAAM	Investor's Business Daily	2019-08-22 00:00:00	A
Sit Investment Associates Inc Buys United Technologies Corp, Corning Inc, Comcast Corp, Sells ...	0.06202772259712219	0.013882827013731003	0.9240894913673401	http://www.gurufocus.com/news/932970/sit-investment-associates-inc-buys-united-technologies-corp-corning-inc-comcast-corp-sells-dupont-de-nemours-inc-occidental-petroleum-corp-raytheon-co	GuruFocus	2019-08-21 00:00:00	A
Stock Upgrades: Agilent Technologies Shows Rising Relative Strength	0.9544261693954468	0.021206025034189224	0.024367859587073326	http://www.investors.com/ibd-data-stories/stock-upgrades-agilent-technologies-shows-rising-relative-strength-3/?src=A00237A&ven=BenzingaCP&src=AURLAAM	Investor's Business Daily	2019-08-20 00:00:00	A
Beaconlight Capital, Llc Buys Fortune Brands Home & Security Inc, Hasbro Inc, KAR Auction ...	0.07438615709543228	0.011508321389555931	0.9141054749488831	http://www.gurufocus.com/news/931790/beaconlight-capital-llc-buys-fortune-brands-home--security-inc-hasbro-inc-kar-auction-services-inc-sells-liberty-formula-one-group-hb-fuller-co-verisign-inc	GuruFocus	2019-08-20 00:00:00	A
Fairpointe Capital LLC Buys Agilent Technologies Inc, Magna International Inc, iShares MSCI ...	0.10224031656980515	0.012019363231956959	0.8857402801513672	http://www.gurufocus.com/news/931818/fairpointe-capital-llc-buys-agilent-technologies-inc-magna-international-inc-ishares-msci-acwi-index-fund-sells-tegna-inc-agco-corp-cincinnati-financial-corp	GuruFocus	2019-08-20 00:00:00	A
BlueSpruce Investments, LP Buys Ross Stores Inc, TJX Inc, Comcast Corp, Sells Constellation ...	0.08606892079114914	0.010400818660855293	0.9035302400588989	http://www.gurufocus.com/news/929847/bluespruce-investments-lp-buys-ross-stores-inc-tjx-inc-comcast-corp-sells-constellation-brands-inc-msci-inc-paypal-holdings-inc	GuruFocus	2019-08-16 00:00:00	A
Agilent (A) Earnings and Revenues Beat Estimates in Q3	0.934837818145752	0.040408048778772354	0.024754110723733902	http://www.zacks.com/stock/news/471584/agilent-a-earnings-and-revenues-beat-estimates-in-q3?cid=CS-BENZ-FT-analyst_blog|earnings_article-471584	Zacks	2019-08-15 00:00:00	A
Agilent Technologies (A) Tops Q3 Earnings and Revenue Estimates	0.9463026523590088	0.02805105783045292	0.025646183639764786	http://www.zacks.com/stock/news/470844/agilent-technologies-a-tops-q3-earnings-and-revenue-estimates?cid=CS-BENZ-FT-tale_of_the_tape|yseop_template_4-470844	Zacks	2019-08-14 00:00:00	A
Agilent Technologies, Inc. (A) CEO Michael McMullen on Q3 2019 Results - Earnings Call Transcript	0.026840319857001305	0.06488902866840363	0.9082706570625305	https://seekingalpha.com/article/4285738-agilent-technologies-inc-ceo-michael-mcmullen-q3-2019-results-earnings-call-transcript?source=partner_benzinga	Seeking Alpha	2019-08-14 00:00:00	A
The Dow Jones Industrial Average Will Lose 400 Points On Today's Inverted Yield Curve	0.008227195590734482	0.9658321738243103	0.025940587744116783	https://www.benzinga.com/node/14267672	TalkMarkets	2019-08-14 00:00:00	A
A, CSCO, NTAP and WPG among after hour movers	0.04154467582702637	0.019125161692500114	0.9393301606178284	https://seekingalpha.com/news/3491982-csco-ntap-wpg-among-hour-movers?source=partner_benzinga	Seeking Alpha	2019-08-14 00:00:00	A
Agilent up 5% on FQ3 beat, lower end of guidance raise	0.9348356127738953	0.03873110190033913	0.026433318853378296	https://seekingalpha.com/news/3491836-agilent-5-percent-fq3-beat-lower-end-guidance-raise?source=partner_benzinga	Seeking Alpha	2019-08-14 00:00:00	A
Agilent EPS beats by $0.04, beats on revenue	0.815800666809082	0.02834494225680828	0.15585441887378693	https://seekingalpha.com/news/3491808-agilent-eps-beats-0_04-beats-revenue?source=partner_benzinga	Seeking Alpha	2019-08-14 00:00:00	A
Stock Futures Plunge as Recession Fears Intensify	0.011954559944570065	0.9526517391204834	0.03539380058646202	http://www.zacks.com/stock/news/470291/stock-futures-plunge-as-recession-fears-intensify?cid=CS-BENZ-FT-ahead_of_wall_street-470291	Zacks	2019-08-14 00:00:00	A
Wall Street Tumbles Following Yield Curve Inversion	0.04998360574245453	0.8513345718383789	0.09868187457323074	http://www.zacks.com/stock/news/470319/wall-street-tumbles-following-yield-curve-inversion?cid=CS-BENZ-FT-economic_highlights-470319	Zacks	2019-08-14 00:00:00	A
Agilent Q3 2019 Earnings Preview	0.35823848843574524	0.06390222162008286	0.5778593420982361	https://seekingalpha.com/news/3491232-agilent-q3-2019-earnings-preview?source=partner_benzinga	Seeking Alpha	2019-08-13 00:00:00	A
Notable earnings after Wednesday's close	0.891920268535614	0.06922316551208496	0.03885665908455849	https://seekingalpha.com/news/3491104-notable-earnings-wednesday-s-close?source=partner_benzinga	Seeking Alpha	2019-08-13 00:00:00	A
Impax Asset Management Group plc Buys Pentair PLC, Agilent Technologies Inc, IQVIA Holdings ...	0.08332762867212296	0.013064892962574959	0.9036075472831726	http://www.gurufocus.com/news/927801/impax-asset-management-group-plc-buys-pentair-plc-agilent-technologies-inc-iqvia-holdings-inc-sells-ecolab-inc-cantel-medical-corp-international-business-machines-corp	GuruFocus	2019-08-13 00:00:00	A
Agilent (A) Gears Up for Q3 Earnings: What's in the Cards?	0.06689974665641785	0.01923815719783306	0.9138621091842651	http://www.zacks.com/stock/news/466578/agilent-a-gears-up-for-q3-earnings-whats-in-the-cards?cid=CS-BENZ-FT-analyst_blog|earnings_preview-466578	Zacks	2019-08-12 00:00:00	A
Walmart And Alibaba Step To The Plate (Stocks To Watch Podcast)	0.09330187737941742	0.02389626018702984	0.88280189037323	https://seekingalpha.com/article/4284498-walmart-alibaba-step-plate-stocks-watch-podcast?source=partner_benzinga	Seeking Alpha	2019-08-11 00:00:00	A
Stocks To Watch: Walmart And Alibaba Step To The Plate	0.15733882784843445	0.014464597217738628	0.8281965851783752	https://seekingalpha.com/article/4284315-stocks-watch-walmart-alibaba-step-plate?source=partner_benzinga	Seeking Alpha	2019-08-10 00:00:00	A
Agilent Technologies Hitting Lower Rail Of Upwardly Sloped Trend Channel Ahead Of Earnings	0.4038325250148773	0.5487300157546997	0.04743751883506775	https://seekingalpha.com/article/4284107-agilent-technologies-hitting-lower-rail-upwardly-sloped-trend-channel-ahead-earnings?source=partner_benzinga	Seeking Alpha	2019-08-09 00:00:00	A
Agilent Technologies (A) Earnings Expected to Grow: Should You Buy?	0.2209269106388092	0.01327436976134777	0.7657986879348755	http://www.zacks.com/stock/news/460583/agilent-technologies-a-earnings-expected-to-grow-should-you-buy?cid=CS-BENZ-FT-tale_of_the_tape|yseop_template_9-460583	Zacks	2019-08-07 00:00:00	A
Acquisition Boosts Exact Sciences' Role in Cancer Diagnostics	0.9438432455062866	0.011489621363580227	0.04466719925403595	http://www.gurufocus.com/news/920455/acquisition-boosts-exact-sciences-role-in-cancer-diagnostics	GuruFocus	2019-08-01 00:00:00	A
The Truth About Market Timing - July 30, 2019	0.034427229315042496	0.03092712163925171	0.9346455931663513	http://www.zacks.com/stock/news/453591/the-truth-about-market-timing-july-30-2019?cid=CS-BENZ-FT-retirement_ideas|market_timing_secrets-453591	Zacks	2019-07-30 00:00:00	A
Tracking William von Mueffling's Cantillon Capital Management Portfolio - Q2 2019 Update	0.03603605926036835	0.01732085458934307	0.9466431140899658	https://seekingalpha.com/article/4278541-tracking-william-von-muefflings-cantillon-capital-management-portfolio-q2-2019-update?source=partner_benzinga	Seeking Alpha	2019-07-29 00:00:00	A
Agilent: 2 Decades Of Portfolio Moves Left Investors With A Good Business	0.8804905414581299	0.012440398335456848	0.10706900805234909	https://seekingalpha.com/article/4277193-agilent-2-decades-portfolio-moves-left-investors-good-business?source=partner_benzinga	Seeking Alpha	2019-07-24 00:00:00	A
Dividend Challenger Highlights: Week Of July 21	0.02933206595480442	0.05341159924864769	0.9172562956809998	https://seekingalpha.com/article/4276228-dividend-challenger-highlights-week-july-21?source=partner_benzinga	Seeking Alpha	2019-07-20 00:00:00	A
Oppenheimer likes Millendo Therapeutics in premarket analyst action	0.07303298264741898	0.0157929677516222	0.9111740589141846	https://seekingalpha.com/news/3477983-oppenheimer-likes-millendo-therapeutics-premarket-analyst-action?source=partner_benzinga	Seeking Alpha	2019-07-16 00:00:00	A
Harvey Investment Co Llc Buys Fastenal Co, Agilent Technologies Inc, CarMax Inc, Sells Croda ...	0.07450776547193527	0.012708492577075958	0.9127838015556335	http://www.gurufocus.com/news/909657/harvey-investment-co-llc-buys-fastenal-co-agilent-technologies-inc-carmax-inc-sells-croda-international-plc-ecolab-inc-nextera-energy-inc	GuruFocus	2019-07-16 00:00:00	A
Wells sees 33% upside in Gilead in premarket analyst action	0.9349221587181091	0.03156168758869171	0.03351609781384468	https://seekingalpha.com/news/3477623-wells-sees-33-percent-upside-gilead-premarket-analyst-action?source=partner_benzinga	Seeking Alpha	2019-07-15 00:00:00	A
Agilent: Some Bolt-On M&A To Rejuvenate Growth	0.5188873410224915	0.009193634614348412	0.47191905975341797	https://seekingalpha.com/article/4274967-agilent-bolt-m-rejuvenate-growth?source=partner_benzinga	Seeking Alpha	2019-07-15 00:00:00	A
Agilent to Acquire BioTek, Cell Analysis Portfolio to Expand	0.2915734052658081	0.009109213016927242	0.6993173956871033	http://www.zacks.com/stock/news/441535/agilent-to-acquire-biotek-cell-analysis-portfolio-to-expand?cid=CS-BENZ-FT-441535	Zacks	2019-07-12 00:00:00	A
Silicon Valley Pioneer Keysight Just Moved Into The Buy Zone — But Can It Stay There?	0.0954878032207489	0.011990316212177277	0.8925219178199768	http://www.investors.com/stock-lists/ibd-50/keysight-stock-moved-into-buy-zone/?src=A00237A&ven=BenzingaCP&src=AURLAAM	Investor's Business Daily	2019-07-11 00:00:00	A
Agilent to acquire BioTek for $1.165B	0.048441123217344284	0.01216955203562975	0.9393893480300903	https://seekingalpha.com/news/3477088-agilent-acquire-biotek-1_165b?source=partner_benzinga	Seeking Alpha	2019-07-11 00:00:00	A
Lgt Capital Partners Ltd. Buys UnitedHealth Group Inc, Alphabet Inc, Ross Stores Inc, Sells ...	0.06273572146892548	0.01605423167347908	0.9212100505828857	http://www.gurufocus.com/news/906796/lgt-capital-partners-ltd-buys-unitedhealth-group-inc-alphabet-inc-ross-stores-inc-sells-celgene-corp-3m-co-delta-air-lines-inc	GuruFocus	2019-07-10 00:00:00	A
Stock Upgrades: Agilent Technologies Shows Rising Relative Strength	0.9544261693954468	0.021206025034189224	0.024367859587073326	http://www.investors.com/ibd-data-stories/stock-upgrades-agilent-technologies-shows-rising-relative-strength-2/?src=A00237A&ven=BenzingaCP&src=AURLAAM	Investor's Business Daily	2019-07-05 00:00:00	A
Agilent: An Excellent Company At Average Price	0.8393303155899048	0.007671960163861513	0.1529977172613144	https://seekingalpha.com/article/4272668-agilent-excellent-company-average-price?source=partner_benzinga	Seeking Alpha	2019-06-28 00:00:00	A
29 Firms Going Ex-Dividend Next Week, Including Comcast, Cisco And JP Morgan	0.035230908542871475	0.06376661360263824	0.9010024666786194	https://www.benzinga.com/node/14003999	TalkMarkets	2019-06-28 00:00:00	A
Dividend Challenger Highlights: Week Of June 23	0.02828146331012249	0.04987005144357681	0.921848475933075	https://seekingalpha.com/article/4271630-dividend-challenger-highlights-week-june-23?source=partner_benzinga	Seeking Alpha	2019-06-22 00:00:00	A
John Templeton's Investment Philosophy	0.05273562669754028	0.02582673542201519	0.9214376211166382	http://www.gurufocus.com/news/897823/john-templetons-investment-philosophy	GuruFocus	2019-06-21 00:00:00	A
Agilent Announces Receipt of FDA Approval for pharmDX Assay	0.6556809544563293	0.013386497274041176	0.33093252778053284	http://www.zacks.com/stock/news/429945/agilent-announces-receipt-of-fda-approval-for-pharmdx-assay?cid=CS-BENZ-FT-429945	Zacks	2019-06-14 00:00:00	A
Why Is Agilent (A) Up 3.9% Since Last Earnings Report?	0.7009613513946533	0.05815143138170242	0.24088717997074127	http://www.zacks.com/stock/news/429061/why-is-agilent-a-up-39-since-last-earnings-report?cid=CS-BENZ-FT-429061	Zacks	2019-06-13 00:00:00	A
Barclays bearish on Teva, sees 14% downside risk in premarket analyst action	0.05368585139513016	0.9007423520088196	0.04557178169488907	https://seekingalpha.com/news/3470387-barclays-bearish-teva-sees-14-percent-downside-risk-premarket-analyst-action?source=partner_benzinga	Seeking Alpha	2019-06-11 00:00:00	A
FDA OKs Agilent companion diagnostic for Keytruda in HNSCC	0.3067689538002014	0.011677926406264305	0.6815531253814697	https://seekingalpha.com/news/3470455-fda-oks-agilent-companion-diagnostic-keytruda-hnscc?source=partner_benzinga	Seeking Alpha	2019-06-11 00:00:00	A
Tense About Trade War? Follow Goldman With 5 ETF Strategies	0.05611630901694298	0.023129088804125786	0.9207546710968018	http://www.zacks.com/stock/news/419298/tense-about-trade-war-follow-goldman-with-5-etf-strategies?cid=CS-BENZ-FT-419298	Zacks	2019-05-24 00:00:00	A
Agilent declares $0.164 dividend	0.028638597577810287	0.05483190342783928	0.9165295362472534	https://seekingalpha.com/news/3466217-agilent-declares-0_164-dividend?source=partner_benzinga	Seeking Alpha	2019-05-22 00:00:00	A
Bessemer Securities Llc Buys Facebook Inc, Texas Instruments Inc, Bank of America Corporation, ...	0.06906812638044357	0.015406114980578423	0.9155257344245911	http://www.gurufocus.com/news/882812/bessemer-securities-llc-buys-facebook-inc-texas-instruments-inc-bank-of-america-corporation-sells-japan-post-holdings-co-keycorp-cigna-corp	GuruFocus	2019-05-21 00:00:00	A
Bullish Quintet	0.0727500170469284	0.046989720314741135	0.8802603483200073	https://www.benzinga.com/node/13766788	TalkMarkets	2019-05-17 00:00:00	A
ACB and A among premarket losers	0.07599480450153351	0.04293280839920044	0.8810723423957825	https://seekingalpha.com/news/3464005-acb-among-premarket-losers?source=partner_benzinga	Seeking Alpha	2019-05-15 00:00:00	A
Agilent Technologies, Inc. 2019 Q2 - Results - Earnings Call Slides	0.07729849964380264	0.27101442217826843	0.6516871452331543	https://seekingalpha.com/article/4264108-agilent-technologies-inc-2019-q2-results-earnings-call-slides?source=partner_benzinga	Seeking Alpha	2019-05-15 00:00:00	A
Stocks To Watch: Agilent Technologies Sees Relative Strength Rating Jump To 84	0.9514539837837219	0.023146094754338264	0.02539997734129429	http://www.investors.com/ibd-data-stories/stocks-to-watch-agilent-technologies-sees-relative-strength-rating-jump-to-84/?src=A00237A&ven=BenzingaCP&src=AURLAAM	Investor's Business Daily	2019-05-15 00:00:00	A
Agilent Technologies (A) Q2 Earnings and Revenues Miss Estimates	0.013864190317690372	0.9623858332633972	0.023749953135848045	http://www.zacks.com/stock/news/414066/agilent-technologies-a-q2-earnings-and-revenues-miss-estimates?cid=CS-BENZ-FT-414066	Zacks	2019-05-14 00:00:00	A
Agilent down 8% after hours on FQ2 miss, revenue guidance cut	0.00837642140686512	0.969427227973938	0.022196313366293907	https://seekingalpha.com/news/3463657-agilent-8-percent-hours-fq2-miss-revenue-guidance-cut?source=partner_benzinga	Seeking Alpha	2019-05-14 00:00:00	A
A, ACB, EGHT and TLRY among notable after hour movers	0.17797249555587769	0.013136651366949081	0.8088908195495605	https://seekingalpha.com/news/3463760-acb-eght-tlry-among-notable-hour-movers?source=partner_benzinga	Seeking Alpha	2019-05-14 00:00:00	A
Agilent Technologies, Inc. (A) CEO Mike McMullen on Q2 2019 Results - Earnings Call Transcript	0.02668500691652298	0.06351526826620102	0.9097996950149536	https://seekingalpha.com/article/4264085-agilent-technologies-inc-ceo-mike-mcmullen-q2-2019-results-earnings-call-transcript?source=partner_benzinga	Seeking Alpha	2019-05-14 00:00:00	A
What To Expect From Agilent's Earnings	0.03959740325808525	0.02070959284901619	0.939693033695221	https://www.benzinga.com/node/13734637	TalkMarkets	2019-05-14 00:00:00	A
Agilent misses by $0.01, misses on revenue	0.01732727326452732	0.9283501505851746	0.05432260408997536	https://seekingalpha.com/news/3463639-agilent-misses-0_01-misses-revenue?source=partner_benzinga	Seeking Alpha	2019-05-14 00:00:00	A
Tracking William Von Mueffling's Cantillon Capital Management Portfolio - Q1 2019 Update	0.03513278067111969	0.017522042617201805	0.9473451972007751	https://seekingalpha.com/article/4263370-tracking-william-von-muefflings-cantillon-capital-management-portfolio-q1-2019-update?source=partner_benzinga	Seeking Alpha	2019-05-13 00:00:00	A
Agilent Q2 2019 Earnings Preview	0.41405290365219116	0.06300482153892517	0.5229422450065613	https://seekingalpha.com/news/3463067-agilent-q2-2019-earnings-preview?source=partner_benzinga	Seeking Alpha	2019-05-13 00:00:00	A
Notable earnings after Tuesday's close	0.8953564763069153	0.06655149161815643	0.03809202462434769	https://seekingalpha.com/news/3462948-notable-earnings-tuesday-s-close?source=partner_benzinga	Seeking Alpha	2019-05-13 00:00:00	A
Stocks Rise Along with the Tariffs. Go Figure!	0.3131466507911682	0.0810934528708458	0.605759859085083	https://www.zacks.com/registration/ultimatetrader/welcome/eoffer/30c3?adid=ZU_CONTENT_SYND&cid=CS-BENZ-FT-21316	Zacks	2019-05-11 00:00:00	A
Can New Offerings & Buyouts Aid Cisco's (CSCO) Q3 Earnings?	0.8060171604156494	0.009702647104859352	0.18428023159503937	http://www.zacks.com/stock/news/412520/can-new-offerings-buyouts-aid-ciscos-csco-q3-earnings?cid=CS-BENZ-FT-412520	Zacks	2019-05-10 00:00:00	A
Alibaba (BABA) Gears Up for Q4 Earnings: What's in Store?	0.13632306456565857	0.024741481989622116	0.8389354944229126	http://www.zacks.com/stock/news/412462/alibaba-baba-gears-up-for-q4-earnings-whats-in-store?cid=CS-BENZ-FT-412462	Zacks	2019-05-10 00:00:00	A
Mettler-Toledo (MTD) Earnings & Revenues Top Estimates in Q1	0.13912221789360046	0.11083317548036575	0.750044584274292	http://www.zacks.com/stock/news/412855/mettler-toledo-mtd-earnings-revenues-top-estimates-in-q1?cid=CS-BENZ-FT-412855	Zacks	2019-05-10 00:00:00	A
MACOM (MTSI) Q2 Loss Wider Than Expected, Revenues Fall Y/Y	0.010862009599804878	0.9752748608589172	0.013863228261470795	http://www.zacks.com/stock/news/411936/macom-mtsi-q2-loss-wider-than-expected-revenues-fall-y-y?cid=CS-BENZ-FT-411936	Zacks	2019-05-09 00:00:00	A
Advanced Energy (AEIS) Q1 Earnings Beat, Revenues Down Y/Y	0.020323671400547028	0.9685462117195129	0.011130115017294884	http://www.zacks.com/stock/news/411882/advanced-energy-aeis-q1-earnings-beat-revenues-down-y-y?cid=CS-BENZ-FT-411882	Zacks	2019-05-09 00:00:00	A
Factors Likely to Decide JD.com's (JD) Fate in Q1 Earnings	0.02379348874092102	0.07287712395191193	0.9033294320106506	http://www.zacks.com/stock/news/411097/factors-likely-to-decide-jdcoms-jd-fate-in-q1-earnings?cid=CS-BENZ-FT-411097	Zacks	2019-05-08 00:00:00	A
Itron (ITRI) Earnings and Revenues Surpass Estimates in Q1	0.9344608187675476	0.025616711005568504	0.03992249071598053	http://www.zacks.com/stock/news/411096/itron-itri-earnings-and-revenues-surpass-estimates-in-q1?cid=CS-BENZ-FT-411096	Zacks	2019-05-08 00:00:00	A
Catalyst Capital Advisors LLC Buys Aflac Inc, Agilent Technologies Inc, Cree Inc, Sells Amgen ...	0.06009870767593384	0.017344702035188675	0.9225566387176514	http://www.gurufocus.com/news/873466/catalyst-capital-advisors-llc-buys-aflac-inc-agilent-technologies-inc-cree-inc-sells-amgen-inc-american-express-co-humana-inc	GuruFocus	2019-05-08 00:00:00	A
Dropbox (DBX) to Report Q1 Earnings: What's in the Offing?	0.023238234221935272	0.405059278011322	0.5717024803161621	http://www.zacks.com/stock/news/409978/dropbox-dbx-to-report-q1-earnings-whats-in-the-offing?cid=CS-BENZ-FT-409978	Zacks	2019-05-07 00:00:00	A
What's in the Cards for Zillow Group (ZG) in Q1 Earnings?	0.07634815573692322	0.03222470358014107	0.8914270997047424	http://www.zacks.com/stock/news/410009/whats-in-the-cards-for-zillow-group-zg-in-q1-earnings?cid=CS-BENZ-FT-410009	Zacks	2019-05-07 00:00:00	A
Agilent Technologies (A) Reports Next Week: Wall Street Expects Earnings Growth	0.9148575663566589	0.019531579688191414	0.06561081111431122	http://www.zacks.com/stock/news/410310/agilent-technologies-a-reports-next-week-wall-street-expects-earnings-growth?cid=CS-BENZ-FT-410310	Zacks	2019-05-07 00:00:00	A
Will Lower Revenues Affect CommScope (COMM) Q1 Earnings?	0.024347003549337387	0.8609891533851624	0.11466379463672638	http://www.zacks.com/stock/news/409924/will-lower-revenues-affect-commscope-comm-q1-earnings?cid=CS-BENZ-FT-409924	Zacks	2019-05-07 00:00:00	A
What's in Store for Booking Holdings' (BKNG) Q1 Earnings?	0.04312055930495262	0.04141654446721077	0.9154629111289978	http://www.zacks.com/stock/news/410275/whats-in-store-for-booking-holdings-bkng-q1-earnings?cid=CS-BENZ-FT-410275	Zacks	2019-05-07 00:00:00	A
Etsy (ETSY) to Report Q1 Earnings: What's in the Cards?	0.03424268215894699	0.033845677971839905	0.9319115877151489	http://www.zacks.com/stock/news/409417/etsy-etsy-to-report-q1-earnings-whats-in-the-cards?cid=CS-BENZ-FT-409417	Zacks	2019-05-06 00:00:00	A
What's in the Offing for TripAdvisor's (TRIP) Q1 Earnings?	0.03008783422410488	0.2595592439174652	0.7103528380393982	http://www.zacks.com/stock/news/409442/whats-in-the-offing-for-tripadvisors-trip-q1-earnings?cid=CS-BENZ-FT-409442	Zacks	2019-05-06 00:00:00	A
Pareteum (TEUM) to Post Q1 Earnings: What's in the Cards?	0.05032387003302574	0.023220397531986237	0.9264556765556335	http://www.zacks.com/stock/news/409393/pareteum-teum-to-post-q1-earnings-whats-in-the-cards?cid=CS-BENZ-FT-409393	Zacks	2019-05-06 00:00:00	A
Factors to Consider Ahead of eGain's (EGAN) Q3 Earnings	0.05632309243083	0.014588110148906708	0.9290887713432312	http://www.zacks.com/stock/news/409377/factors-to-consider-ahead-of-egains-egan-q3-earnings?cid=CS-BENZ-FT-409377	Zacks	2019-05-06 00:00:00	A
Pegasystems (PEGA) to Report Q1 Earnings: What's in Store?	0.039518389850854874	0.03927471861243248	0.9212069511413574	http://www.zacks.com/stock/news/409352/pegasystems-pega-to-report-q1-earnings-whats-in-store?cid=CS-BENZ-FT-409352	Zacks	2019-05-06 00:00:00	A
What's in Store for The Meet Group (MEET) in Q1 Earnings?	0.04905770719051361	0.03144833445549011	0.9194939732551575	http://www.zacks.com/stock/news/409349/whats-in-store-for-the-meet-group-meet-in-q1-earnings?cid=CS-BENZ-FT-409349	Zacks	2019-05-06 00:00:00	A
Meridian Management Co Buys CVS Health Corp, Boeing Co, LiveRamp Holdings Inc, Sells iShares ...	0.07936225086450577	0.01126075442880392	0.9093769788742065	http://www.gurufocus.com/news/871505/meridian-management-co-buys-cvs-health-corp-boeing-co-liveramp-holdings-inc-sells-ishares-core-sp-500-ishares-intermediateterm-corporate-bond-etf-allergan-plc	GuruFocus	2019-05-06 00:00:00	A
Pegasystems (PEGA) to Report Q1 Earnings: What's in Store?	0.039518389850854874	0.03927471861243248	0.9212069511413574	http://www.zacks.com/stock/news/409352/pegasystems-pega-to-report-q1-earnings-whats-in-store?cid=CS-BENZ-FT-409352	Zacks	2019-05-06 00:00:00	A
Dean Capital Investments Management, LLC Buys The Chemours Co, Delek US Holdings Inc, Alcoa ...	0.06704837083816528	0.012674223631620407	0.9202773571014404	http://www.gurufocus.com/news/871497/dean-capital-investments-management-llc-buys-the-chemours-co-delek-us-holdings-inc-alcoa-corp-sells-boeing-co-salesforcecom-inc-tesla-inc	GuruFocus	2019-05-06 00:00:00	A
What's in the Offing for Mettler-Toledo's (MTD) Q1 Earnings?	0.0283217653632164	0.4034569263458252	0.5682213306427002	http://www.zacks.com/stock/news/409425/whats-in-the-offing-for-mettler-toledos-mtd-q1-earnings?cid=CS-BENZ-FT-409425	Zacks	2019-05-06 00:00:00	A
Turtle Beach (HEAR) to Report Q1 Earnings: What's in Store?	0.041580572724342346	0.06540312618017197	0.8930163383483887	http://www.zacks.com/stock/news/409666/turtle-beach-hear-to-report-q1-earnings-whats-in-store?cid=CS-BENZ-FT-409666	Zacks	2019-05-06 00:00:00	A
Synaptics (SYNA) Q3 Earnings: Will the Stock Disappoint?	0.054397255182266235	0.6571319699287415	0.2884708344936371	http://www.zacks.com/stock/news/409542/synaptics-syna-q3-earnings-will-the-stock-disappoint?cid=CS-BENZ-FT-409542	Zacks	2019-05-06 00:00:00	A
What's in Store for The Meet Group (MEET) in Q1 Earnings?	0.04905770719051361	0.03144833445549011	0.9194939732551575	http://www.zacks.com/stock/news/409349/whats-in-store-for-the-meet-group-meet-in-q1-earnings?cid=CS-BENZ-FT-409349	Zacks	2019-05-06 00:00:00	A
Findlay Park Partners LLP Buys Agilent Technologies Inc, Fiserv Inc, Analog Devices Inc, Sells ...	0.09560652822256088	0.012358753010630608	0.8920347094535828	http://www.gurufocus.com/news/870452/findlay-park-partners-llp-buys-agilent-technologies-inc-fiserv-inc-analog-devices-inc-sells-fox-corp-schlumberger-cocacola-co	GuruFocus	2019-05-03 00:00:00	A
Twin Capital Management Inc Buys Agilent Technologies Inc, Fortinet Inc, Cboe Global Markets ...	0.09757596999406815	0.0135401776060462	0.8888838291168213	http://www.gurufocus.com/news/870478/twin-capital-management-inc-buys-agilent-technologies-inc-fortinet-inc-cboe-global-markets-inc-sells-pfizer-inc-sp-global-inc-lear-corp	GuruFocus	2019-05-03 00:00:00	A
Expedia Group (EXPE) Q1 Earnings Top, Revenues Lag Estimates	0.027863958850502968	0.9615649580955505	0.010571032762527466	http://www.zacks.com/stock/news/408683/expedia-group-expe-q1-earnings-top-revenues-lag-estimates?cid=CS-BENZ-FT-408683	Zacks	2019-05-03 00:00:00	A
MercadoLibre (MELI) Q1 Earnings & Revenues Beat Estimates	0.907215416431427	0.058826811611652374	0.033957790583372116	http://www.zacks.com/stock/news/408685/mercadolibre-meli-q1-earnings-revenues-beat-estimates?cid=CS-BENZ-FT-408685	Zacks	2019-05-03 00:00:00	A
Trimble's (TRMB) Q1 Earnings Miss Estimates, Revenues Up Y/Y	0.9438159465789795	0.03805530071258545	0.018128778785467148	http://www.zacks.com/stock/news/407955/trimbles-trmb-q1-earnings-miss-estimates-revenues-up-y-y?cid=CS-BENZ-FT-407955	Zacks	2019-05-02 00:00:00	A
Avid Technology (AVID) to Post Q1 Earnings: What's in Store?	0.09118776768445969	0.021505609154701233	0.8873065710067749	http://www.zacks.com/stock/news/407972/avid-technology-avid-to-post-q1-earnings-whats-in-store?cid=CS-BENZ-FT-407972	Zacks	2019-05-02 00:00:00	A
AMETEK (AME) Q1 Earnings and Revenues Surpass Estimates	0.9239583611488342	0.049253638833761215	0.026787951588630676	http://www.zacks.com/stock/news/406693/ametek-ame-q1-earnings-and-revenues-surpass-estimates?cid=CS-BENZ-FT-406693	Zacks	2019-05-01 00:00:00	A
Why the Earnings Surprise Streak Could Continue for Agilent (A)	0.06472425162792206	0.21697407960891724	0.7183017134666443	http://www.zacks.com/stock/news/406454/why-the-earnings-surprise-streak-could-continue-for-agilent-a?cid=CS-BENZ-FT-406454	Zacks	2019-05-01 00:00:00	A
Square (SQ) to Report Q1 Earnings: What's in the Offing?	0.024374892935156822	0.47189342975616455	0.5037316679954529	http://www.zacks.com/stock/news/405212/square-sq-to-report-q1-earnings-whats-in-the-offing?cid=CS-BENZ-FT-405212	Zacks	2019-04-29 00:00:00	A
What's in Store for AMETEK (AME) This Earnings Season?	0.06669998914003372	0.031143564730882645	0.9021564722061157	http://www.zacks.com/stock/news/405161/whats-in-store-for-ametek-ame-this-earnings-season?cid=CS-BENZ-FT-405161	Zacks	2019-04-29 00:00:00	A
Waters Q1 miss and lower guidance pressures life sciences kit makers	0.03975042700767517	0.8982872366905212	0.0619623139500618	https://seekingalpha.com/news/3452769-waters-q1-miss-lower-guidance-pressures-life-sciences-kit-makers?source=partner_benzinga	Seeking Alpha	2019-04-23 00:00:00	A
IBD Stock Of The Day: This Company Gets A Lift From Its 5G Rollout	0.9480636119842529	0.018395403400063515	0.03354106843471527	http://www.investors.com/research/ibd-stock-of-the-day/keysight-stock-keys-stock-5g-wireless/?src=A00237A&ven=BenzingaCP&src=AURLAAM	Investor's Business Daily	2019-04-18 00:00:00	A
Amtek (AME) Hits Fresh High: Is There Still Room to Run?	0.6681014895439148	0.062050335109233856	0.26984816789627075	http://www.zacks.com/stock/news/380527/amtek-ame-hits-fresh-high-is-there-still-room-to-run?cid=CS-BENZ-FT-380527	Zacks	2019-04-15 00:00:00	A
Calamos Wealth Management Llc Buys Amazon. ...	0.08147553354501724	0.018271444365382195	0.9002529978752136	http://www.gurufocus.com/news/852830/calamos-wealth-management-llc-buys-amazoncom-inc-cisco-systems-inc-agilent-technologies-inc-sells-ishares-sp-500-growth-ishares-core-sp-midcap-johnson--johnson	GuruFocus	2019-04-12 00:00:00	A
Agilent launches new QC system for next-gen sequencing	0.41537177562713623	0.010209975764155388	0.5744182467460632	https://seekingalpha.com/news/3447801-agilent-launches-new-qc-system-next-gen-sequencing?source=partner_benzinga	Seeking Alpha	2019-04-02 00:00:00	A
33 Firms Going Ex-Dividend Next Week, Including Comcast, JP Morgan And Cisco Systems	0.03877465799450874	0.09932418167591095	0.8619011640548706	https://www.benzinga.com/node/13452269	TalkMarkets	2019-03-29 00:00:00	A
Hedge Funds Have Never Been This Bullish On Xilinx, Inc.	0.24900513887405396	0.21075552701950073	0.5402393341064453	https://www.benzinga.com/node/13455211	TalkMarkets	2019-03-29 00:00:00	A
Investor Expectations to Drive Momentum within Entercom Communications, PPL, Clean Energy ...	0.9190982580184937	0.009068445302546024	0.0718332827091217	http://www.gurufocus.com/news/836957/investor-expectations-to-drive-momentum-within-entercom-communications-ppl-clean-energy-fuels-diamondback-energy-agilent-technologies-and-toro--discovering-underlying-factors-of-influence	GuruFocus	2019-03-25 00:00:00	A
Why Is Agilent (A) Up 5.3% Since Last Earnings Report?	0.7128951549530029	0.05232449993491173	0.23478037118911743	http://www.zacks.com/stock/news/363206/why-is-agilent-a-up-53-since-last-earnings-report?cid=CS-BENZ-FT-363206	Zacks	2019-03-22 00:00:00	A
Agilent declares $0.164 dividend	0.028638597577810287	0.05483190342783928	0.9165295362472534	https://seekingalpha.com/news/3444626-agilent-declares-0_164-dividend?source=partner_benzinga	Seeking Alpha	2019-03-20 00:00:00	A
Tencent (TCEHY) to Report Q4 Earnings: What's in the Cards?	0.03515956923365593	0.03326231613755226	0.9315781593322754	http://www.zacks.com/stock/news/361428/tencent-tcehy-to-report-q4-earnings-whats-in-the-cards?cid=CS-BENZ-FT-361428	Zacks	2019-03-19 00:00:00	A
BMO likes Amgen and Gilead in premarket analyst action	0.14467474818229675	0.011426354758441448	0.8438988924026489	https://seekingalpha.com/news/3443196-bmo-likes-amgen-gilead-premarket-analyst-action?source=partner_benzinga	Seeking Alpha	2019-03-15 00:00:00	A
6 Stocks Beating the Market	0.39871805906295776	0.1364860236644745	0.4647959768772125	http://www.gurufocus.com/news/828564/6-stocks-beating-the-market	GuruFocus	2019-03-06 00:00:00	A
Booking Holdings (BKNG) Q4 Earnings & Revenues Beat Estimates	0.7375463247299194	0.18496258556842804	0.07749108970165253	http://www.zacks.com/stock/news/357291/booking-holdings-bkng-q4-earnings-revenues-beat-estimates?cid=CS-BENZ-FT-357291	Zacks	2019-02-28 00:00:00	A
Square (SQ) Surpasses Q4 Earnings and Revenue Estimates	0.9510305523872375	0.022690296173095703	0.026279129087924957	http://www.zacks.com/stock/news/357290/square-sq-surpasses-q4-earnings-and-revenue-estimates?cid=CS-BENZ-FT-357290	Zacks	2019-02-28 00:00:00	A
Oxford Asset Management Buys Federal Street Acquisition Corp, Tesaro Inc, BHP Group PLC, Sells ...	0.07804723083972931	0.011991559527814388	0.9099611639976501	http://www.gurufocus.com/news/824891/oxford-asset-management-buys-federal-street-acquisition-corp-tesaro-inc-bhp-group-plc-sells-envision-healthcare-corp-rockwell-collins-inc-ca-inc	GuruFocus	2019-02-27 00:00:00	A
Top Ranked Momentum Stocks to Buy for February 26th	0.10549512505531311	0.022563179954886436	0.8719417452812195	http://www.zacks.com/commentary/216520/top-ranked-momentum-stocks-to-buy-for-february-26th?cid=CS-BENZ-FT-216520	Zacks	2019-02-26 00:00:00	A
The Zacks Analyst Blog Highlights: McDonald's, CVS Health, Celgene, Coca-Cola and Agilent	0.03541767597198486	0.022565267980098724	0.9420170187950134	http://www.zacks.com/stock/news/356837/the-zacks-analyst-blog-highlights-mcdonalds-cvs-health-celgene-coca-cola-and-agilent?cid=CS-BENZ-FT-356837	Zacks	2019-02-25 00:00:00	A
Top Ranked Momentum Stocks to Buy for February 25th	0.09709455817937851	0.02350137010216713	0.8794040679931641	http://www.zacks.com/commentary/216160/top-ranked-momentum-stocks-to-buy-for-february-25th?cid=CS-BENZ-FT-216160	Zacks	2019-02-25 00:00:00	A
Agilent (A) Upgraded to Buy: Here's Why	0.12193090468645096	0.013194690458476543	0.8648744225502014	http://www.zacks.com/stock/news/356555/agilent-a-upgraded-to-buy-heres-why?cid=CS-BENZ-FT-356555	Zacks	2019-02-22 00:00:00	A
Top Research Reports for McDonald's, CVS Health & Celgene	0.04773292317986488	0.021919699385762215	0.9303473234176636	http://www.zacks.com/research-daily/215706/top-research-reports-for-mcdonalds-cvs-health-celgene?cid=CS-BENZ-FT-215706	Zacks	2019-02-22 00:00:00	A
Agilent (A) Surpasses Earnings and Revenue Estimates in Q1	0.9549671411514282	0.018215114250779152	0.026817793026566505	http://www.zacks.com/stock/news/355967/agilent-a-surpasses-earnings-and-revenue-estimates-in-q1?cid=CS-BENZ-FT-355967	Zacks	2019-02-21 00:00:00	A
Agilent FQ1 non-GAAP earnings up 13%; soft guidance pressures shares, down 4% after hours	0.38728830218315125	0.5897498726844788	0.022961899638175964	https://seekingalpha.com/news/3435290-agilent-fq1-non-gaap-earnings-13-percent-soft-guidance-pressures-shares-4-percent-hours?source=partner_benzinga	Seeking Alpha	2019-02-20 00:00:00	A
Agilent Technologies Inc. 2019 Q1 - Results - Earnings Call Slides	0.09183555096387863	0.16662199795246124	0.7415424585342407	https://seekingalpha.com/article/4242649-agilent-technologies-inc-2019-q1-results-earnings-call-slides?source=partner_benzinga	Seeking Alpha	2019-02-20 00:00:00	A
Agilent Technologies, Inc.'s (A) CEO Mike McMullen on Q1 2019 Results - Earnings Call Transcript	0.024681877344846725	0.051456499844789505	0.9238616228103638	https://seekingalpha.com/article/4242742-agilent-technologies-inc-s-ceo-mike-mcmullen-q1-2019-results-earnings-call-transcript?source=partner_benzinga	Seeking Alpha	2019-02-20 00:00:00	A
Fiber Optic Sensor Market - The Mastermind Behind Today's Technology	0.04506097733974457	0.019502989947795868	0.9354360699653625	https://seekingalpha.com/article/4242449-fiber-optic-sensor-market-mastermind-behind-todays-technology?source=partner_benzinga	Seeking Alpha	2019-02-20 00:00:00	A
Thermo Fisher: Stellar Results Year After Year	0.8936261534690857	0.023335780948400497	0.08303805440664291	https://seekingalpha.com/article/4242592-thermo-fisher-stellar-results-year-year?source=partner_benzinga	Seeking Alpha	2019-02-20 00:00:00	A
Will New Technologies Benefit Agilent (A) in Q1 Earnings?	0.5955728888511658	0.010300900787115097	0.3941262662410736	http://www.zacks.com/stock/news/355217/will-new-technologies-benefit-agilent-a-in-q1-earnings?cid=CS-BENZ-FT-355217	Zacks	2019-02-18 00:00:00	A
Spotlight On Walmart, Samsung And CAGNY (Stocks To Watch Podcast)	0.04330369830131531	0.031785327941179276	0.9249110221862793	https://seekingalpha.com/article/4241698-spotlight-walmart-samsung-cagny-stocks-watch-podcast?source=partner_benzinga	Seeking Alpha	2019-02-17 00:00:00	A
Stocks To Watch: Spotlight On Walmart, Samsung And CAGNY	0.06659824401140213	0.02511746436357498	0.9082843065261841	https://seekingalpha.com/article/4241661-stocks-watch-spotlight-walmart-samsung-cagny?source=partner_benzinga	Seeking Alpha	2019-02-16 00:00:00	A
3 Things to Know About Q4 Earnings Season	0.0346730537712574	0.032701097428798676	0.9326258897781372	http://www.zacks.com/commentary/214038/3-things-to-know-about-q4-earnings-season?cid=CS-BENZ-FT-214038	Zacks	2019-02-15 00:00:00	A
Agilent Technologies (A) Earnings Expected to Grow: What to Know Ahead of Next Week's Release	0.053688615560531616	0.018277142196893692	0.9280341863632202	http://www.zacks.com/stock/news/354358/agilent-technologies-a-earnings-expected-to-grow-what-to-know-ahead-of-next-weeks-release?cid=CS-BENZ-FT-354358	Zacks	2019-02-13 00:00:00	A
Tracking William Von Mueffling's Cantillon Capital Management Portfolio - Q4 2018 Update	0.03381003066897392	0.019176950678229332	0.9470130205154419	https://seekingalpha.com/article/4238866-tracking-william-von-muefflings-cantillon-capital-management-portfolio-q4-2018-update?source=partner_benzinga	Seeking Alpha	2019-02-07 00:00:00	A
Agilent Technologies: Buy For Total Return And Potential Technology Growth	0.47243615984916687	0.008053294382989407	0.5195105075836182	https://seekingalpha.com/article/4234575-agilent-technologies-buy-total-return-potential-technology-growth?source=partner_benzinga	Seeking Alpha	2019-01-21 00:00:00	A
Top Five Weekend Stock Stories - Jan. 20	0.027218790724873543	0.08557041734457016	0.8872107863426208	https://www.benzinga.com/node/13011151	TalkMarkets	2019-01-20 00:00:00	A
Earnings Heat Check (Stocks To Watch Podcast)	0.03857167437672615	0.06617283076047897	0.895255446434021	https://seekingalpha.com/article/4234400-earnings-heat-check-stocks-watch-podcast?source=partner_benzinga	Seeking Alpha	2019-01-20 00:00:00	A
Stocks To Watch: Earnings Heat Check	0.040798112750053406	0.12974600493907928	0.8294558525085449	https://seekingalpha.com/article/4234379-stocks-watch-earnings-heat-check?source=partner_benzinga	Seeking Alpha	2019-01-19 00:00:00	A
TE Connectivity (TEL) Q1 Earnings: What's in the Cards?	0.03748851269483566	0.035642772912979126	0.926868736743927	http://www.zacks.com/stock/news/348389/te-connectivity-tel-q1-earnings-whats-in-the-cards?cid=CS-BENZ-FT-348389	Zacks	2019-01-18 00:00:00	A
Will Agilent (A) Beat Estimates Again in Its Next Earnings Report?	0.6801360845565796	0.02215624414384365	0.29770761728286743	http://www.zacks.com/stock/news/347263/will-agilent-a-beat-estimates-again-in-its-next-earnings-report?cid=CS-BENZ-FT-347263	Zacks	2019-01-14 00:00:00	A
Agilent Technologies Meets 80-Plus Relative Strength Rating Benchmark	0.8868226408958435	0.009204003028571606	0.10397335886955261	http://www.investors.com/ibd-data-stories/agilent-technologies-meets-80-plus-relative-strength-rating-benchmark/?src=A00237A&ven=BenzingaCP&src=AURLAAM	Investor's Business Daily	2019-01-09 00:00:00	A
Needham sees 27% upside in Thermo Fisher in today's analyst action	0.9138474464416504	0.049612391740083694	0.03654012084007263	https://seekingalpha.com/news/3420474-needham-sees-27-percent-upside-thermo-fisher-todays-analyst-action?source=partner_benzinga	Seeking Alpha	2019-01-03 00:00:00	A
21 Upcoming Dividend Increases To Round Out 2018	0.3372932970523834	0.027079319581389427	0.6356274485588074	https://seekingalpha.com/article/4229562-21-upcoming-dividend-increases-round-2018?source=partner_benzinga	Seeking Alpha	2018-12-20 00:00:00	A
Healthcare And Biotechnology Dashboard - Update	0.027432553470134735	0.031052809208631516	0.9415146112442017	https://seekingalpha.com/article/4227788-healthcare-biotechnology-dashboard-update?source=partner_benzinga	Seeking Alpha	2018-12-11 00:00:00	A
Twist Bio down 14% on expanded Agilent complaint over alleged theft of trade secrets	0.008243255317211151	0.9724333882331848	0.01932334713637829	https://seekingalpha.com/news/3415748-twist-bio-14-percent-expanded-agilent-complaint-alleged-theft-trade-secrets?source=partner_benzinga	Seeking Alpha	2018-12-10 00:00:00	A
Top 5 Buys of the Signature Select Canadian Fund	0.16620807349681854	0.013708094134926796	0.8200838565826416	http://www.gurufocus.com/news/782697/top-5-buys-of-the-signature-select-canadian-fund	GuruFocus	2018-12-07 00:00:00	A
Stock Upgrades: Agilent Technologies Shows Rising Relative Strength	0.9544261693954468	0.021206025034189224	0.024367859587073326	http://www.investors.com/ibd-data-stories/stock-upgrades-agilent-technologies-shows-rising-relative-strength/?src=A00237A&ven=BenzingaCP&src=AURLAAM	Investor's Business Daily	2018-11-26 00:00:00	A
Eyes On Cyber Monday, Argentina And Mars (Stocks To Watch Podcast)	0.0401739701628685	0.02937135100364685	0.930454671382904	https://seekingalpha.com/article/4224310-eyes-cyber-monday-argentina-mars-stocks-watch-podcast?source=partner_benzinga	Seeking Alpha	2018-11-25 00:00:00	A
Stocks To Watch: Eyes On Cyber Monday, Argentina And Mars	0.03779780492186546	0.024956194683909416	0.9372460246086121	https://seekingalpha.com/article/4224281-stocks-watch-eyes-cyber-monday-argentina-mars?source=partner_benzinga	Seeking Alpha	2018-11-24 00:00:00	A
Global Stock Markets Red on Tuesday	0.11897347122430801	0.7929221987724304	0.08810430765151978	http://www.gurufocus.com/news/774421/global-stock-markets-red-on-tuesday	GuruFocus	2018-11-20 00:00:00	A
Agilent (A) Surpasses Earnings and Revenue Estimates in Q4	0.9553616046905518	0.018323902040719986	0.02631445787847042	http://www.zacks.com/stock/news/338517/agilent-a-surpasses-earnings-and-revenue-estimates-in-q4?cid=CS-BENZ-FT-338517	Zacks	2018-11-20 00:00:00	A
Morning Call For Tuesday, Nov. 20	0.021807586774230003	0.08349639922380447	0.8946959972381592	https://www.benzinga.com/node/12730823	TalkMarkets	2018-11-20 00:00:00	A
Agilent Technologies Inc. 2018 Q4 - Results - Earnings Call Slides	0.07544268667697906	0.37974947690963745	0.5448077917098999	https://seekingalpha.com/article/4223350-agilent-technologies-inc-2018-q4-results-earnings-call-slides?source=partner_benzinga	Seeking Alpha	2018-11-19 00:00:00	A
Earnings related companies tops after hour movers	0.10353664308786392	0.3199043273925781	0.5765590667724609	https://seekingalpha.com/news/3411092-earnings-related-companies-tops-hour-movers?source=partner_benzinga	Seeking Alpha	2018-11-19 00:00:00	A
Agilent beats by $0.07, beats on revenue	0.8542348742485046	0.024909453466534615	0.12085571140050888	https://seekingalpha.com/news/3411025-agilent-beats-0_07-beats-revenue?source=partner_benzinga	Seeking Alpha	2018-11-19 00:00:00	A
Agilent Technologies (A) CEO Mike McMullen on Q4 2018 Results - Earnings Call Transcript	0.028189485892653465	0.057225100696086884	0.9145853519439697	https://seekingalpha.com/article/4223396-agilent-technologies-ceo-mike-mcmullen-q4-2018-results-earnings-call-transcript?source=partner_benzinga	Seeking Alpha	2018-11-19 00:00:00	A
Agilent FQ4 top line up 9%; earnings up 10%	0.9494322538375854	0.024028437212109566	0.026539335027337074	https://seekingalpha.com/news/3411037-agilent-fq4-top-line-9-percent-earnings-10-percent?source=partner_benzinga	Seeking Alpha	2018-11-19 00:00:00	A
Agilent (A) Hikes Quarterly Dividend, Rewards Shareholders	0.7984462380409241	0.16480541229248047	0.03674832358956337	http://www.zacks.com/stock/news/338334/agilent-a-hikes-quarterly-dividend-rewards-shareholders?cid=CS-BENZ-FT-338334	Zacks	2018-11-19 00:00:00	A
Notable earnings after Monday's close	0.8940557837486267	0.07122879475355148	0.03471550717949867	https://seekingalpha.com/news/3410733-notable-earnings-monday-s-close?source=partner_benzinga	Seeking Alpha	2018-11-18 00:00:00	A
Paint It Black (Stocks To Watch Podcast)	0.04513329267501831	0.05013137683272362	0.9047353267669678	https://seekingalpha.com/article/4223055-paint-black-stocks-watch-podcast?source=partner_benzinga	Seeking Alpha	2018-11-18 00:00:00	A
Week In Review: CStone Pharma, A Suzhou Oncology Company, Files For Hong Kong IPO	0.09422607719898224	0.0692339837551117	0.8365399241447449	https://www.benzinga.com/node/12720838	TalkMarkets	2018-11-17 00:00:00	A
Stocks To Watch: Paint It Black	0.04595326632261276	0.030495084822177887	0.9235516786575317	https://seekingalpha.com/article/4223022-stocks-watch-paint-black?source=partner_benzinga	Seeking Alpha	2018-11-17 00:00:00	A
Will New Technologies Benefit Agilent (A) in Q4 Earnings?	0.5987754464149475	0.010865670628845692	0.3903588354587555	http://www.zacks.com/stock/news/337675/will-new-technologies-benefit-agilent-a-in-q4-earnings?cid=CS-BENZ-FT-337675	Zacks	2018-11-15 00:00:00	A
Agilent declares $0.164 dividend	0.028638597577810287	0.05483190342783928	0.9165295362472534	https://seekingalpha.com/news/3409669-agilent-declares-0_164-dividend?source=partner_benzinga	Seeking Alpha	2018-11-14 00:00:00	A
Tracking Dan Loeb's Third Point Portfolio - Q3 2018 Update	0.02841643989086151	0.027417628094553947	0.9441658854484558	https://seekingalpha.com/article/4221202-tracking-dan-loebs-third-point-portfolio-q3-2018-update?source=partner_benzinga	Seeking Alpha	2018-11-12 00:00:00	A
Illumina's Growth Shows No Signs of Slowing Down	0.924817681312561	0.019809432327747345	0.05537275969982147	http://www.gurufocus.com/news/768939/illuminas-growth-shows-no-signs-of-slowing-down	GuruFocus	2018-11-12 00:00:00	A
Agilent Technologies (A) Earnings Expected to Grow: Should You Buy?	0.2209269106388092	0.01327436976134777	0.7657986879348755	http://www.zacks.com/stock/news/337026/agilent-technologies-a-earnings-expected-to-grow-should-you-buy?cid=CS-BENZ-FT-337026	Zacks	2018-11-12 00:00:00	A
Tracking William Von Mueffling's Cantillon Capital Management Portfolio - Q3 2018 Update	0.034504491835832596	0.01875603385269642	0.9467394948005676	https://seekingalpha.com/article/4221012-tracking-william-von-muefflings-cantillon-capital-management-portfolio-q3-2018-update?source=partner_benzinga	Seeking Alpha	2018-11-11 00:00:00	A
Agilent launches new water quality analyzer	0.18141333758831024	0.009319090284407139	0.8092675805091858	https://seekingalpha.com/news/3404892-agilent-launches-new-water-quality-analyzer?source=partner_benzinga	Seeking Alpha	2018-11-02 00:00:00	A
